{
    "metrics": [
        "mrr",
        "ndcg@10",
        "ndcg@5",
        "precision@5",
        "recall@10"
    ],
    "current": {
        "mrr": 0.644927536231884,
        "ndcg@10": 0.4413403033121973,
        "ndcg@5": 0.44516025975767587,
        "precision@5": 0.22608695652173919,
        "recall@10": 0.4195652173913043,
        "latency_ms": 6858.773307950722,
        "latency": {
            "mean_ms": 6858.773307950722,
            "median_ms": 6562.387250014581,
            "p95_ms": 8923.356370499823,
            "min_ms": 4387.639832915738,
            "max_ms": 16745.817665942013
        }
    },
    "option2": {
        "mrr": 0.1986542443064182,
        "ndcg@10": 0.13935488941484067,
        "ndcg@5": 0.10606797197857462,
        "precision@5": 0.0608695652173913,
        "recall@10": 0.24420289855072466,
        "latency_ms": 15.445722798492922,
        "latency": {
            "mean_ms": 15.445722798492922,
            "median_ms": 14.528833096846938,
            "p95_ms": 19.43868391681462,
            "min_ms": 11.84250006917864,
            "max_ms": 35.032000043429434
        }
    },
    "option3": {
        "mrr": 0.2403209109730849,
        "ndcg@10": 0.15302518575616963,
        "ndcg@5": 0.1208244001982033,
        "precision@5": 0.06956521739130435,
        "recall@10": 0.25869565217391305,
        "latency_ms": 391.1782736211772,
        "latency": {
            "mean_ms": 391.1782736211772,
            "median_ms": 342.24808297585696,
            "p95_ms": 476.4099454740061,
            "min_ms": 301.8894159467891,
            "max_ms": 1221.232125069946
        }
    },
    "option4": {
        "mrr": 0.21295721187025538,
        "ndcg@10": 0.15945943914134603,
        "ndcg@5": 0.10436946432611227,
        "precision@5": 0.05217391304347826,
        "recall@10": 0.27318840579710146,
        "latency_ms": 858.0180996998578,
        "latency": {
            "mean_ms": 858.0180996998578,
            "median_ms": 850.7272499846295,
            "p95_ms": 923.5245286952704,
            "min_ms": 725.5502920597792,
            "max_ms": 986.6702080471441
        }
    },
    "sep": {
        "mrr": 0.6702898550724637,
        "ndcg@10": 0.46577929732015316,
        "ndcg@5": 0.4695309306241008,
        "precision@5": 0.24347826086956528,
        "recall@10": 0.4717391304347826,
        "latency_ms": 7459.036802392169,
        "latency": {
            "mean_ms": 7459.036802392169,
            "median_ms": 5770.036750007421,
            "p95_ms": 11678.41646663146,
            "min_ms": 4471.7148339841515,
            "max_ms": 15760.473332949914
        }
    },
    "hop": {
        "mrr": 0.7355072463768115,
        "ndcg@10": 0.5149022205951465,
        "ndcg@5": 0.5097872959471382,
        "precision@5": 0.2521739130434783,
        "recall@10": 0.5101449275362318,
        "latency_ms": 3093.6794039165684,
        "latency": {
            "mean_ms": 3093.6794039165684,
            "median_ms": 2698.2914590043947,
            "p95_ms": 3951.002067280933,
            "min_ms": 2378.5047499695793,
            "max_ms": 6794.757249997929
        }
    },
    "fin": {
        "mrr": 0.7355072463768115,
        "ndcg@10": 0.5167993046976624,
        "ndcg@5": 0.5116843800496543,
        "precision@5": 0.2521739130434783,
        "recall@10": 0.5101449275362318,
        "latency_ms": 2929.598052606351,
        "latency": {
            "mean_ms": 2929.598052606351,
            "median_ms": 2697.2004580311477,
            "p95_ms": 3792.6951955421823,
            "min_ms": 2390.913667040877,
            "max_ms": 4027.1800420014188
        }
    }
}